Zuleikha_Robinson	Tom_Braidwood
William_Moseley_(actor)	Anna_Popplewell
Uncle_Slam	Luicidal
Tony_Jay	Jennifer_Hale
Tony_Colman_(politician)	Joan_Marion
The_Standells	Little_Feat
The_Ivy_League_(band)	The_First_Class
Suga_Free	2nd_II_None
Software_development	New_York_University_School_of_Law
Ray_Keith	Paul_Hartnoll
Poison_Ivy_(musician)	Cisco_Houston
Paul_Fusco	Max_Wright
Ministry_(band)	Get_Smart!_(band)
Mary_Ritter_Beard	John_R._Fesler
Marshall_Bell	Clayton_Rohner
Mark_Pellegrino	Aaron_Yoo
Khloé_Kardashian	José_Pasillas
Keel_(band)	Heaven_&_Hell_(band)
Jason_Patric	Bridget_Fonda
Eddie_McClintock	Aaron_Ashmore
Douglas_Lute	Anne_Baxter
Chad_Faust	Billy_Campbell
Arielle_Kebbel	Andrew_Howard
University_of_Massachusetts_Amherst	Cyberpunk
Pat_Cadigan	Andrew_Nelson_Caudell
Loretta_Sanchez	Glen_Bell
Joanne_Whalley	Bob_Peck
Thomas_Olde_Heuvelt	Haruki_Murakami
Walter_Massey_(actor)	Rick_Jones_(voice_actor)
Walter_Massey_(actor)	A.J._Henderson
Thomas_Dekker_(actor)	Summer_Glau
Thomas_Dekker_(actor)	Lena_Headey
Summer_Glau	Lena_Headey
Rick_Jones_(voice_actor)	A.J._Henderson
Patrick_Stewart	Matt_Frewer
Patrick_Stewart	Dean_Lennox_Kelly
Matt_Frewer	Dean_Lennox_Kelly
Nick_Cannon	Colette_Carr
Mary_Salas	John_Matkin
Donny_Hathaway	Charles_Stepney
Johnny_Sekka	John_Fleck_(actor)
Johnny_Sekka	Andreas_Katsulas
University_of_Hong_Kong	Barrister
Video_Game_High_School	Illeana_Douglas
San_Diego_State_University	Commerce,_California
People_Under_the_Stairs	Aceyalone
John_Fleck_(actor)	Andreas_Katsulas
Trevor_Devall	Kevin_Michael_Richardson
Chancellor_(education)	Allied_invasion_of_Sicily
Paul_Johansson	Elizabeth_Gracen
Girl_(band)	Gillan_(band)
Southwestern_College_(California)	Chula_Vista,_California
Lalah_Hathaway	Earth,_Wind_&_Fire
Forever_(group)	Far_East_Movement
Ben_Nighthorse_Campbell	Alan_Bible
Illinois	Hinsdale,_Illinois
Illinois	Belém
Illinois	Des_Plaines,_Illinois
Ugly_Kid_Joe	Illinois
The_Emotions	Illinois
Valerie_Wellington	Illinois
Illinois	Blue_Island,_Illinois
Illinois	Eighteen_Visions
Scott_McNeil	Michael_Donovan
England	City_of_Sunderland
The_Pretenders	England
Nuclear_physics	England
Ian_Carr_(guitarist)	England
The_Seventh_Veil	England
Royal_Agricultural_University	England
H.M.S._Defiant	England
England	Alfreton
The_Monkees	England
Kevin_Mooney	England
Geordie_(band)	England
England	Adelaide
Virgin_EMI_Records	England
The_Stands	England
The_Searchers_(band)	England
Spirit_Trap	England
University_of_Montpellier	England
University_of_Saskatchewan	England
Priest	England
Sabbat_(English_band)	England
University_of_Aberdeen	England
England	Cat's_Eyes
England	Blue_Orchids
England	Beighton_ward,_Sheffield
Live_It_Up!_(film)	England
England	Dare_(band)
England	Dubstar
England	Cyantific
England	Carleton_University
Royal_Grammar_School,_High_Wycombe	England
Quatermass_(TV_serial_and_film)	England
University_of_Derby	England
Shiraz_University	England
Sydney_Law_School	England
England	Babe_Ruth_(band)
Steve_Grantley	England
England	Bollington
England	Dive_Dive
England	Battle_of_Loos
Jericho_(UK_TV_series)	England
Terry_Pratchett's_Hogfather	England
Europeans_(band)	England
The_Chicago_Code	England
England	Broadcasting
Penny_Dreadful_(TV_series)	England
London_South_Bank_University	England
Economist	Bachelor_of_Arts
Dead_or_Alive_(band)	Bebington
The_Secret_Rapture_(film)	Bob_Peck
Maggie_Shiu	Joel_Chan_(actor)
Naveen_Andrews	Daryl_Hannah
California	Alhambra,_California
Inland_Empire	Curtiss_King
Ted_Gaines	John_Ensign
Doug_LaMalfa	Devin_Nunes
Tufts_University	California
Torchy_Blane_in_Chinatown	California
Sonoma_State_University	California
Quannum_Projects	California
Halloween_with_the_New_Addams_Family	California
GoonRock	California
Commando_Cody:_Sky_Marshal_of_the_Universe	California
Vanilla_Sky	California
University_of_Toronto_Faculty_of_Law	California
The_Turtles	California
The_Deadly_Bees	California
Space_Academy	California
Southern_Oregon_University	California
Puff_the_Magic_Dragon_(film)	California
Cry_Terror!	California
California	Bonita,_California
California	Baldwin_Park,_California
California	20th_Century_Fox
Night_Ranger	California
Colonel_Les_Claypool's_Fearless_Flying_Frog_Brigade	California
University_of_Nevada,_Reno	California
Groundation	California
California	Brigham_Young_University
Southern_California	California
Megadeth	California
California_State_University,_Sacramento	California
California_State_Polytechnic_University,_Pomona	California
Paranoid_Castle	California
Gilmore_Girls	California
Chrome_(band)	California
The_Hues_Corporation	California
The_Start_(American_band)	California
Heavy_Bones	California
California	Bread_(band)
University_of_California,_Riverside	California
Taras_Shevchenko_National_University_of_Kyiv	California
California_State_University,_Chico	California
Takao_Osawa	Miki_Nakatani
Lee_Tockar	Alex_Zahara
Treat_Williams	Bryan_Brown
Margaret_C._Anderson	Alexandru_Macedonski
England	Blackburn
The_Edmund_Fitzgerald_(band)	Greece
Tracie_Thoms	Cary_Elwes
Lou_Rawls	Eddie_Cibrian
Wayne_Harrison_(footballer,_born_1957)	Mildred_Gale
Wentworth_Miller	Victor_Garber
G._N._Ramachandran	Frederick_Lugard,_1st_Baron_Lugard
Upper_Street_(band)	Chester
Zak_Orth	Billy_Burke_(actor)
The_Rumour	The_Mekons
Klymaxx	California
Stephen_Moyer	Sam_Neill
Nadia_Ali_(broadcaster)	Margaret_Ng
Ironik	England
Olivia_Colman	Joanna_Scanlan
England	Chertsey
Yakima_Canutt	Ed_Earl_Repp
Lee_Tockar	Janyse_Jaud
Janyse_Jaud	Alex_Zahara
Legacy_(2013_film)	Guildhall_School_of_Music_and_Drama
MyNetworkTV_telenovelas	Miami
Paul_Magrs	Dave_Snowden
Robert_V._Barron	Barbara_Cubin
Michael_Paré	Connie_Sellecca
Dorian_Harewood	Clancy_Brown
Sienna_Guillory	Shaun_Carey
Ursula_K._Le_Guin	Nancy_Johnson
Whitny_Braun	Tom_Wheeler
Ross_Thomas_(actor)	Bhante_Dharmawara
Mike_McCormack_(American_football)	Jody_Reynolds
John_Givez	Henry_Kulky
David_Hassinger	Craig_Chaquico
Malcolm_Graham_(footballer)	Johnny_Longden
Jill_Halfpenny	Graham_Fenton
James_D._McGinnis	Gary_Towse
Jason_Orange	Howard_Donald
University_of_Ceylon	Badulla_District
California	BulletBoys
The_Smashing_Pumpkins	California
Philippines	Olongapo
Stanley_M._Hough	Frederik_Pohl
Larry_Elder	Chase_A._Clark
Purdue_University	Knightstown,_Indiana
John_Olmsted	Alela_Diane
Indiana_State_University	Indiana
Indiana	Goodland,_Indiana
Indiana	Bloomfield,_Indiana
Indiana	East_Tennessee_State_University
Sleepwalkers_(TV_series)	Indiana
Indiana	Clinton,_Indiana
University_of_Texas_at_Austin	Physician
University_of_Texas_at_Austin	University_of_Oklahoma
Sunday_Suspense	Radio_personality
Ronald_Goldman	Meatball_(wrestler)
Peter_Cetera	Lee_Loughnane
Mary_Matalin	Kirk_Dillard
Ingrid_Bergman	David_Hoflin
Ryan_Hollweg	Kevin_Jeffries
Robert_DoQui	Ormond_Robbins
Richard_Jaeckel	Bruce_A._Evans
Michael_Mussa	David_McNeill
Steve_Sherwood	Harry_Brigham
Steve_Edge	Mel_Galley
Stephen_Boyd	Donald_Pleasence
Shaun_Reay	Jack_Mustard
Sarah_Alexander	David_Walliams
Sara_Canning	Joseph_Morgan_(actor)
Robert_Walker_(footballer,_born_1884)	Kevin_Dawson_(footballer,_born_1981)
Richard_Hudson_(musician)	Dave_Cousins
Mike_Whitlow	Harry_Lowe_(footballer,_born_August_1886)
Mark_Benton	Fred_Priest
Jim_Mackey	Howard_Kendall
Dafydd_Wigley	Anthony_Burgess
Vikramabahu_Karunaratne	Charles_Layard
University_of_Ceylon	British_Ceylon
William_Wordsworth	Christopher_Wordsworth_(Trinity)
Not_Like_Everyone_Else	Cynthia_Watros
England	Cumbria
England	Carshalton
Michael_Donovan	Janyse_Jaud
S._Scott_Bullock	Charlie_Schlatter
Sunderland,_Tyne_and_Wear	England
California	Anticon
Wil_Wheaton	Michael_Dorn
California	Ambrosia_(band)
Saladin_Ahmed	James_Franco
Death_Row_Records	California
Kurt_Vonnegut	Jim_Backus
England	Derby
Ronald_Cartland	James_Goss_(judge)
Nitro_Records	California
England	Dewsbury
William_Draper_Box	John_Evans_(Australian_politician)
Illinois	Big_Bill_Broonzy
Scott_McNeil	Janyse_Jaud
Metropolitan_Borough_of_Oldham	Greater_Manchester
Illinois	Berwyn,_Illinois
Sparkle_(singer)	Illinois
Public_Announcement	Illinois
University_College_London	Haifa
Kesha	California
Fantasy_Records	California
Lynch_Mob_(band)	California
William_Nicholson_(Australian_politician)	Wayne_Harrison_(footballer,_born_1957)
William_Nicholson_(Australian_politician)	Mildred_Gale
Sally_Struthers	Pat_Fraley
The_Springfields	England
England	Dark_Star_(band)
England	Cardiacs
Timebox_(band)	England
Patto	England
Zukanican	England
Ladytron	England
University_of_Cambridge	Sierra_Leone
University_of_Cambridge	Raffles_Institution
University_of_Cambridge	Peter_the_Great_St._Petersburg_Polytechnic_University
University_of_Cambridge	Canberra
University_of_Cambridge	Swansea_University
University_of_Cambridge	Novel
University_of_Cambridge	Marlborough_College
University_of_Cambridge	Lund_University
University_of_Cambridge	Agricultural_science
University_of_Cambridge	Kandy
John_Whitehouse_(footballer)	Jem_Bayliss
FFS_(band)	Blackpool
England	Auckland
Roy_Shiner	Charles_Du_Cane
Timothy_Leighton	England
Lil_Reese	G_Herbo
Physicist	La_Jolla
Michael_Moriarty	Emily_Bergl
Michael_Jeter	Emily_Bergl
Emily_Bergl	Desmond_Harrington
Emily_Bergl	Andy_Powers
California	Albuquerque,_New_Mexico
The_Byrds	California
The_Scottsville_Squirrel_Barkers	California
Ukiah,_California	California
California	AFI_(band)
University_of_Chicago	Rock_Island,_Illinois
Dorothea_Holt_Redmond	Andrew_J._McKiernan
The_Game_(rapper)	Canela_Cox
Zak_Orth	Stephen_Collins
Stephen_Collins	Billy_Burke_(actor)
The_Waco_Brothers	The_Rumour
The_Waco_Brothers	The_Mekons
The_Abominable_Snowman_(film)	England
Ricky_Davao	Gloria_Sevilla
England	Chester-le-Street
London	England
Sapienza_University_of_Rome	Illinois
Otto_P._Weyland	Kevin_Swayne
San_Jose_State_University	Auburn,_California
The_Trials_of_Oscar_Wilde	England
Manchester	Haywards_Heath
Patrick_Macnee	Ian_Hendry
Chicago_Fire_(TV_series)	California
Thes_One	Kenan_Bell
Ricardo_Lara	Ben_Hueso
Hal_Clement	Bobby_Pickett
Mimsy_Farmer	Mikhail_Bulgakov
S._Scott_Bullock	Kath_Soucie
Kath_Soucie	Charlie_Schlatter
Wolfsbane_(band)	Birmingham
The_Beat_(British_band)	Birmingham
Thea_Tolentino	Protégé:_The_Battle_For_The_Big_Artista_Break
Richard_Thomas_(actor)	Elizabeth_Peña
Richard_Thomas_(actor)	DeLane_Matthews
Elizabeth_Peña	DeLane_Matthews
Milton_Jones	David_Letterman
Milton_Jones	Alexei_Sayle
David_Letterman	Alexei_Sayle
University_of_Minnesota	California
K-9_and_Company	England
Ice_Cube	Battlecat_(record_producer)
Shinamo_Moki	California
Wolverhampton	England
University_of_Illinois_at_Urbana–Champaign	Garrett,_Indiana
Vic_Briggs	London
University_of_Bergen	London
London	Deal,_Kent
England	Clacton-on-Sea
England	Derbyshire
England	Battle,_East_Sussex
Sub_Sub	England
Felt_(band)	England
Shoebox_Zoo	England
Ninja_Assassin	England
Nova_(Italian_band)	England
England	Damage_(British_band)
Into_the_Labyrinth_(TV_series)	England
London_Posse	England
Urchin_(band)	England
Variety_show	England
Louis_Koo	Joyce_Tang
University_of_Manitoba	England
Otis_&_Shug	California
Magic_in_the_Moonlight	England
Fortunes_of_War_(TV_series)	England
San_Luis_Obispo,_California	Ministry_of_Sound
England	County_Durham
Greg_Cohen	California
Fourah_Bay_College	England
Merseyside	England
The_Internet_(band)	California
The_Canterbury_Tales_(TV_series)	England
Tyler,_The_Creator	Left_Brain
Search_(TV_series)	New_York_City
England	Adrian_Johnston
Greater_Manchester	England
The_Brian_Jonestown_Massacre	California
California	Animosity_(band)
Viva_Death	California
Subtitle_(rapper)	California
Jin_(TV_series)	Japan
England	Croydon
Project_U.F.O.	Hollywood
Rocky_Jones,_Space_Ranger	Hollywood
The_Story_of_Three_Loves	England
England	Chemist
Matt_Dallas	Kirsten_Prout
Matt_Dallas	Jaimie_Alexander
Kirsten_Prout	Jaimie_Alexander
Stanford_University	Bashkir_Autonomous_Soviet_Socialist_Republic
Noa_James	Digi+Phonics
J.M._Frey	Ekaterina_Sedia
San_Francisco	Heidelberg_University
York	England
Mick_Jones_(footballer,_born_1947)	England
Scott_Bakula	Richard_Thomas_(actor)
Scott_Bakula	Elizabeth_Peña
Scott_Bakula	DeLane_Matthews
Milton_Jones	Al_Murray
David_Letterman	Al_Murray
Alexei_Sayle	Al_Murray
England	Blackpool
Moctesuma_Esparza	Cristobal_Aguilar
Digi+Phonics	California
Colorado_State_University	California
Portsmouth	England
Suffolk	England
William_Goyen	Joe_Walsh_(Illinois_politician)
William_Goyen	Jock_Mahoney
Joe_Walsh_(Illinois_politician)	Jock_Mahoney
Wimbledon,_London	England
Zoe_Rahman	England
Indiana	Bloomington,_Indiana
University_of_Nottingham	England
England	Blackheath,_London
SOAS,_University_of_London	England
Jim_Nielsen	Henry_Perea
Mighty_Med	Indiana
Lab_Rats:_Elite_Force	Indiana
Indiana	Ball_State_University
Indiana	Crawfordsville,_Indiana
Indiana	Brookville,_Indiana
Slim_Keith	Robert_V._Barron
Slim_Keith	Barbara_Cubin
Emanon	California
University_of_South_Dakota	South_Dakota
University_of_Illinois_at_Urbana–Champaign	Illinois
Wolverhampton	Ten_(band)
England	Dorset
The_Conjuring_2	Curtin_University
Gary_Brook	England
Solenn_Heussaff	Richard_Gutierrez
England	East_London
Thomas_Olde_Heuvelt	Picaresque_novel
Thomas_Olde_Heuvelt	Bildungsroman
John_Fleck_(actor)	Agua_Dulce,_California
Andreas_Katsulas	Agua_Dulce,_California
Liverpool	England
Stoke-on-Trent	England
Love_Actually	England
University_of_Tennessee	Television_producer
Television_producer	Munster,_Indiana
RoboCop:_Alpha_Commando	Harvard_University
Harvard_University	Binghamton_University
Seton_Hill_University	Science_fiction
Science_fiction	Metz
Illinois	Chicago_(band)
Illinois	Cook_County,_Illinois
Western_Illinois_University	Illinois
Lil_Green	Illinois
Robert_A._Oden	Bill_Janklow
Željko_Ivanek	Iztok_Puc
Željko_Ivanek	Goran_Višnjić
Iztok_Puc	Goran_Višnjić
Tower_Prep	Film_producer
Mandingo_(film)	Film_producer
England	East_Bengal
Devon	Budleigh_Salterton
England	Bath,_Somerset
West_Virginia_University	Journalist
University_of_Reading	England
Escape_from_Zahrain	California
Wally_Reynolds	Joe_Ryalls
Lukas_Jutkiewicz	England
Laurence_D._Barron	England
England	Clapham
Sukshinder_Shinda	Jassi_Sidhu
Katie_Got_Bandz	Illinois
Jason_Minett	England
Jack_Hampson	England
Mantovani	England
Fashawn	California
Paul_Price_(footballer)	England
Songwriter	LMFAO
John_Crawford_(actor)	Harve_Bennett
The_Idle_Race	County_Durham
England	Devon
Mark_Wing-Davey	Jack_Rosenthal
England	Coventry
Staffordshire	England
The_Strangerers	England
Fantastic_Voyage	England
Victoria_University_of_Manchester	England
The_Vampire_Diaries	England
England	Cannock
Strawbs	England
Rikki_&_Daz	England
England	Barndance_Boys
England	Bus_Stop_(band)
Utkal_University	Odisha
University_of_New_Mexico	Duluth,_Minnesota
William_T._Barry	James_Branch_Cabell
University_of_Cambridge	Aitchison_College
Revolutionary_Road_(film)	Peterhouse,_Cambridge
King's_College,_Taunton	Fowey
My_Secret_Identity	Film_director
Malcolm_David_Kelley	Lindy_Robbins
Lost_(TV_series)	Daryl_Hannah
Sparkle_(singer)	Public_Announcement
Skrillex	Philip_Ahn
University_of_California,_Hastings_College_of_the_Law	California
Ukiah,_California	AFI_(band)
The_Scottsville_Squirrel_Barkers	The_Byrds
Zukanican	Ladytron
Timebox_(band)	Patto
The_Springfields	Kilburn,_London
Dark_Star_(band)	Cardiacs
Psyclon_Nine	Musician
Musician	Love_Amongst_Ruin
Middlesex	England
Michael_Moriarty	Michael_Jeter
Michael_Moriarty	Desmond_Harrington
Michael_Moriarty	Andy_Powers
Michael_Jeter	Desmond_Harrington
Michael_Jeter	Andy_Powers
Desmond_Harrington	Andy_Powers
Henry_V_(1989_film)	England
Worcestershire	England
Jesus_College,_Cambridge	England
England	Detective_fiction
Princeton_University	Princeton,_New_Jersey
Princeton_University	Clinton,_Oneida_County,_New_York
University_of_California	California
Starman_(film)	California
Malice_(British_band)	England
England	Easy_Cure
Stan_Rickaby	England
Zoë_Tyler	Pat_Wright_(footballer)
Zoë_Tyler	Gillian_Barber
Pat_Wright_(footballer)	Gillian_Barber
Wiltshire	England
Mesmer_(film)	England
California	Bakersfield,_California
Warwickshire	England
England	East_Sussex
Fiat_Lux_(band)	England
England	Be-Bop_Deluxe
Ursula_K._Le_Guin	Cecilia_Payne-Gaposchkin
Nancy_Johnson	Cecilia_Payne-Gaposchkin
England	Derren_Litten
Whitny_Braun	Gloria_Holden
Tom_Wheeler	Gloria_Holden
University_of_Cambridge	King's_College,_Taunton
University_of_Cambridge	Fowey
University_of_Cambridge	Peterhouse,_Cambridge
Steven_Silva	John_Givez
Steven_Silva	Henry_Kulky
Ross_Thomas_(actor)	Chris_Isaak
Paul_Kantner	David_Hassinger
Paul_Kantner	Craig_Chaquico
Mike_McCormack_(American_football)	Alvy_Moore
Jody_Reynolds	Alvy_Moore
Chris_Isaak	Bhante_Dharmawara
Michael_Reilly_Burke	Melissa_Rosenberg
Michael_Reilly_Burke	Fred_Korematsu
Melissa_Rosenberg	Fred_Korematsu
Philip_Yorke,_1st_Earl_of_Hardwicke	James_D._McGinnis
Philip_Yorke,_1st_Earl_of_Hardwicke	Gary_Towse
Norman_Dodgin	Jill_Halfpenny
Norman_Dodgin	Graham_Fenton
Malcolm_Graham_(footballer)	John_Scott_(organist)
Johnny_Longden	John_Scott_(organist)
England	Berkshire
University_of_Cambridge	Murdoch_University
Illinois	Danville,_Illinois
Lou_Rawls	David_Hasselhoff
England	Alexandria
Susan_(Iranian_singer)	California
Leon_Sylvers_III	California
The_All-New_Super_Friends_Hour	California
William_Shatner	Maria_del_Mar_(actress)
Poet	Military_academy
Illinois	Delmark_Records
University_of_Birmingham	England
England	Central_School_of_Speech_and_Drama
England	Bangkok
San_Francisco	California
South_Central_Cartel	California
Warwickshire	Anne_Barton
Essex	England
Oxnard,_California	California
Richard_Crashaw	James_Goss_(judge)
Ronald_Cartland	Richard_Crashaw
Robert_D._Orr	List_of_Playboy_Playmates_of_2009
Surrey	England
Redfoo	Colette_Carr
Mary_Salas	Craig_Coxe
Donny_Hathaway	Chuckii_Booker
G._N._Ramachandran	Edward_Grigg,_1st_Baron_Altrincham
Nick_Cannon	Far_East_Movement
Lalah_Hathaway	Charles_Stepney
John_Matkin	Chula_Vista,_California
Ian_Painter	England
England	Charles_Marcus_Mander
England	Bromley
England	Birmingham
Strong_Arm_Steady	California
The_Last_of_Sheila	California
Jack_Benny	California
University_of_Hull	England
Laney_Stewart	Ethan_Farmer
John_Evans_(Australian_politician)	Elizabeth_Blackburn
William_Draper_Box	Elizabeth_Blackburn
John_Wood_(English_actor)	England
Gangrene_(group)	California
Melanie_Scrofano	Anthony_Lemke
England	Eastbourne
Mark_Rasmussen	England
Ian_McCallum	England
England	Emily_Woof
England	Charlie_Hunnam
England	Charles_Bullen
Maggie_Shiu	China
Frederick_Fleet	England
University_of_South_Dakota	California
University_of_Nebraska_Omaha	California
Yuu_Watase	Sakyo_Komatsu
Harrow_School	England
Manchester	England
Tony_Collins_(footballer)	England
Gabrielle_Howard	England
South_London	England
England	Cheshire
The_Borgias_(2011_TV_series)	England
Eddie_Cibrian	David_Hasselhoff
Odd_Man_Out	England
Sukshinder_Shinda	Birmingham
Jassi_Sidhu	Birmingham
Michael_Clayton_(film)	England
Pink_Military	England
Pink_Industry	England
Peter_Cavanagh	England
Marcus_Nand	England
Trees_(folk_band)	England
Shack_(band)	England
The_Teardrop_Explodes	England
Pink_Fairies	England
Vernon_Kay	England
Norman_Wilkinson_(footballer,_born_1910)	England
Michael_Lee_(musician)	England
San_Jose_State_University	California
Željko_Ivanek	Vuk_Jeremić
Vuk_Jeremić	Iztok_Puc
Vuk_Jeremić	Goran_Višnjić
England	Char_Avell
University_of_California,_Berkeley	California
England	Edward_Corser
Sydney_Davis_(politician)	England
England	Edward_Barrow_Forrest
Odd_Future	California
England	Cornwall
Heathcote_Williams	Christopher_Lloyd
West_Yorkshire	England
California	Andain
Inglewood,_California	California
Operation_Overlord	England
John_Shepherd_(scientist)	England
Wonder_Woman_(2011_TV_pilot)	Baltimore
Chicago_Heights,_Illinois	California
Frederick_Lugard,_1st_Baron_Lugard	Edward_Grigg,_1st_Baron_Altrincham
North_London_Collegiate_School	England
England	Cranfield_University
Nicholas_Postgate	England
Carey_Loftin	California
Patrick_White	Joyce_Grenfell
Delaney_&_Bonnie	California
Oingo_Boingo	California
Rutgers_University	California
Jack_Cartmell	England
Philip_Larkin	England
John_Madden_(director)	England
George_Villiers,_1st_Duke_of_Buckingham	England
George_Barker_(footballer)	England
Sheffield_Hallam_University	England
Sam_Neill	Claire_Forlani
Spain	Catalonia
Margaret_Ng	Charles_Lilley
Tony_Finnigan	England
England	Bournemouth
King's_College,_Cambridge	England
University_of_Michigan_Law_School	Indiana
Leeds	England
Ian_Wilmut	England
Michael_Aylesworth	Chris_Wallace_(musician)
William_Thomas_(architect)	England
England	Burton_upon_Trent
Pretty_Little_Liars_(TV_series)	California
Denmark	Copenhagen
Zachg	Illinois
Themselves	Illinois
Main_Attrakionz	Illinois
Illinois	Arlington_Heights,_Illinois
Kevin_Michael_Richardson	Edmonton
Nick_Duffy	Dorothea_Holt_Redmond
Nick_Duffy	Andrew_J._McKiernan
Omar_Asghar_Khan	Bashir_Syed
University_of_Texas_at_Austin	Sharif_University_of_Technology
Santa_Barbara,_California	California
William_Fitzherbert_(New_Zealand_politician)	England
Sir_Richard_King,_2nd_Baronet	England
Frederick_Weld	England
England	Bedworth
Roger_Delgado	Muzaffer_Atac
George_Phillips_(Australian_politician)	England
King's_College_London	England
Harris_Wittels	California
Lou_Scheimer	Liz_(musician)
Lou_Scheimer	Hailee_Steinfeld
Indiana	Evansville,_Indiana
Peter_Aldous	England
California	Brainfeeder
Conan_the_Adventurer_(animated_series)	Alex_Zahara
Wizards_vs_Aliens	Birmingham
University_of_Texas_at_Austin	University_of_Houston_Law_Center
University_of_Texas_at_Austin	Texas_A&M_University–Kingsville
University_of_Texas_at_Austin	University_of_Arkansas_at_Monticello
The_Rocky_and_Bullwinkle_Show	California
The_Addams_Family_(1973_animated_series)	California
Super_Friends_(1973_TV_series)	California
England	Dappy
University_of_Cambridge	Multan
University_of_Cambridge	Forman_Christian_College
England	Daisy_and_Violet_Hilton
Michael_Elphick	England
Jennie_Linden	England
James_Templer_(balloon_aviator)	England
Geoffrey_Johnson-Smith	England
England	David_Van_Day
England	Barbara_Flynn
Simon_Templeman	England
Pete_Postlethwaite	Gary_Bannister
England	Arthur_Francis_(politician)
Tom_Mather	England
Jimmy_Phillips_(footballer,_born_1989)	England
England	Alan_Lake
University_of_Texas_at_Austin	Texas
Mary_Matalin	Illinois
Ronald_Goldman	Illinois
Lee_Loughnane	Illinois
Lauren_Lee_Smith	Anthony_Lemke
Long_Beach_Dub_Allstars	Illinois
England	Buckinghamshire
Newcastle_University	England
Universal_Music_Group	England
Slightly_Stoopid	California
Go_Ahead_(band)	California
California	Bobby_and_the_Midnites
Indira_Varma	England
Arthur_Tedder,_1st_Baron_Tedder	Abraham_Kazen
Sir_John_Conroy,_3rd_Baronet	England
Stephen_Moyer	Claire_Forlani
Indiana	Elinor_Ostrom
Trinity_College,_Cambridge	England
Nadia_Ali_(broadcaster)	Charles_Lilley
Slapstick_of_Another_Kind	Cornell_University
Mark_Valley	Anna_Torv
Sara_Canning	England
Mark_Benton	England
Howard_Kendall	England
England	Dave_Cousins
Steve_Edge	England
Robert_Walker_(footballer,_born_1884)	England
England	David_Walliams
Jack_Mustard	England
Harry_Lowe_(footballer,_born_August_1886)	England
Harry_Brigham	England
England	Dafydd_Wigley
Stephen_Boyd	England
John_Best_(soccer)	England
Trevor_Franklin_(soccer)	England
Terry_Leahy	England
Stephen_Darby	England
Paul_Randall	England
Michael_Jeffrey	England
Karen_Burke	England
John_Hulley	England
John_Coleman_(footballer,_born_1962)	England
Jamie_Speare	England
Gil_Norton	England
George_Moorhouse	England
England	Derek_Nimmo
England	Brian_Oulton
England	Archie_Stephens
England	Andy_Roscoe
England	Alan_Tarbuck
Rod_Burstall	England
Ness_Wadia	England
Liam_Tyson	England
Jamie_Cassidy	England
England	Doug_Bradley
Illinois	G_Herbo
England	Birkenhead
Michael_Quirke	England
Luke_Rowe_(footballer)	England
Gareth_Evans_(footballer,_born_1967)	England
England	Bernie_James
Unbelievable_Truth	England
Matt_Nasir	England
London_Academy_of_Music_and_Dramatic_Art	Indiana
Roswell_Conspiracies:_Aliens,_Myths_and_Legends	Michael_Donovan
Dave_Russell_(footballer)	Brian_Cox_(actor)
Nick_Holonyak	Illinois
Illinois	Henry_M._Britt
Illinois	Donald_Geman
Madame_Bovary_(1949_film)	Illinois
Martin_Horsell	England
Paul_Seymour_(mathematician)	England
England	Carl_Harbord
England	David_Daker
England	Billy_Law
Madeleine_Carroll	England
John_Porter_(horseman)	England
Lauren_German	Carey_Loftin
Lionel_Atwill	England
Pete_Barnacle	Colin_Towns
Frank_Drake	David_G._Rand
California	Anaheim,_California
Juris_Doctor	Illinois
Teknolust	California
Richard_Gutierrez	Gloria_Sevilla
Ricky_Davao	Richard_Gutierrez
Nottingham	England
Leonard_Rossiter	Brian_Cox_(actor)
Marguerite_MacIntyre	Kirsten_Prout
Marguerite_MacIntyre	Jaimie_Alexander
Matt_Dallas	Marguerite_MacIntyre
Jason_Flemyng	Ben_Miller
San_Jose_State_University	Alan_Bible
Steve_Emery	England
George_Mason_I	England
Journey_into_Space	England
Soopafly	California
Rikki_&_Daz	Barndance_Boys
Rikki_&_Daz	Bus_Stop_(band)
Bus_Stop_(band)	Barndance_Boys
Nigel_Hawthorne	England
Utkal_University	Science_fiction
Science_fiction	Odisha
University_of_New_Mexico	Science_fiction
Science_fiction	Duluth,_Minnesota
Teknolust	Illinois
Roy_Cotton	England
Northern_Ireland	England
Peter_Wood_(musician)	England
Michael_Mates	England
William_Gurdon_Stirling	England
San_Diego_State_University	California
People_Under_the_Stairs	California
Mark_Valley	Joshua_Jackson
England	Drama_Centre_London
William_H._Ahmanson	John_Darrow
William_H._Ahmanson	Enid_Bennett
William_H._Ahmanson	Dominique_Swain
John_Darrow	Enid_Bennett
John_Darrow	Dominique_Swain
Enid_Bennett	Dominique_Swain
California	Bruce_A._Evans
Kevin_Jeffries	California
Michael_Mussa	California
Ormond_Robbins	California
Ernest_Foot	England
Wizards_vs_Aliens	England
Humans_(TV_series)	England
Scotland	Dumfries
J._E._B._Seely,_1st_Baron_Mottistone	England
Model_(people)	Kettering
John_Tyndall_(politician)	England
George_Henry_Powell	England
Frederick_Soddy	England
Scotland	England
H._G._Wells	Ann_Todd
Naledge	England
Terrence_Howard	Juliette_Lewis
Terrence_Howard	Matt_Dillon
Terrence_Howard	Carla_Gugino
Matt_Dillon	Juliette_Lewis
Matt_Dillon	Carla_Gugino
Juliette_Lewis	Carla_Gugino
University_of_Cambridge	Nairobi
Nigel_Kneale	Claire_Bloom
California_Polytechnic_State_University	California
Noa_James	California
Takao_Osawa	Japan
Sally_Struthers	Robert_Taylor_(animator)
Robert_Taylor_(animator)	Pat_Fraley
England	College_of_William_&_Mary
University_of_Toronto	California
Timothy_Carlton	England
Georgi_Kay	England
Frederick_Hards	England
Fraser_T_Smith	England
England	Catherine,_Duchess_of_Cambridge
Sir_Richard_Strachan,_6th_Baronet	England
Vera_Brittain	England
Ruth_Bryan_Owen	Kay_Nielsen
So_Solid_Crew	England
Nodens_Ictus	England
Rob_Wilson	England
Skrillex	San_Luis_Obispo,_California
Skrillex	Ministry_of_Sound
England	Constant_Lambert
England	Chili_Bouchier
Terry_Shanahan	England
John_Leckie	England
John_Humphrey_(footballer)	England
Jane_Wymark	England
Jack_Hawkins	England
Illinois	Charlie_Summers
Dibiase	California
Roxee_B	Nova_Villa
England	Ambrose_Flux_Dundas
Fred_Cheesmur	England
WhoIsParadise	England
Simon_Oates	England
England	Donal_Donnelly
The_Listening_Pool	England
Stephen_Simpson_(doctor)	England
Rev._(TV_series)	Merseyside
England	Chester
Illinois	Albert_Ammons
England	Dudley
Tony_Laubach	California
University_of_Paris	England
Simon_Wiles	England
Jack_Livesey_(footballer)	England
Tad_Williams	Simon_R._Green
The_Devil's_Saddle_Legion	California
William_Milnes,_Jr.	England
Joseph_Needham	England
Hermione_Gingold	England
England	Emlyn_Williams
England	Elsa_Lanchester
England	Charlotte_of_Mecklenburg-Strelitz
Joe_Jackson_(musician)	England
Garfield_Morgan	England
Illeana_Douglas	Cynthia_Watros
Ready_When_You_Are,_Mr._McGill	England
Wilf_Copping	England
Michael_Hayes_(director)	England
Martin_Peters	England
Kierston_Wareing	England
Jo_Joyner	England
Jane_Carr	England
James_Tomkins_(footballer)	England
Hazell_Dean	England
Gemma_Ray	England
Frank_Saul_(footballer)	England
England	DJ_Nihal
England	Ana_Boulter
England	Amanda_Tapping
Minneapolis	California
Michael_Nightingale	England
Randy_California	Kelly_Hu
Kelly_Hu	John_E._Burch
Kelly_Hu	Gwynne_Shipman
Kelly_Hu	Donald_Pritzker
University_of_Cambridge	Cairo_University
University_of_Cambridge	Alexandria_University
Micky_Evans	John_Whitehouse_(footballer)
Micky_Evans	Jem_Bayliss
John_H._Lawrence	Bill_Janklow
Philip_Ray	England
George_Arliss	England
Robert_A._Oden	Alfred_L._Werker
Royal_College_of_Music	England
University_of_Michigan	Brooklyn_College
Royal_College_of_Art	England
William_Hinds	England
Tyrell_Davis	England
Twinkle_(singer)	England
Harry_Secombe	England
Godfrey_Hounsfield	England
England	Bruce_Burnside
England	Andy_Ward_(musician)
Sir_Charles_Tennant,_1st_Baronet	England
Richard_Briers	England
Malcolm_Harbour	England
Harry_Barron	England
England	Alexander_Gauge
James_Wharton	England
England	Elizabeth_Spriggs
Imperial_College_London	England
Lalah_Hathaway	California
Far_East_Movement	California
John_Sullivan_(writer)	England
Sydney_Chaplin	England
John_Guillermin	England
Freeman_Freeman-Thomas,_1st_Marquess_of_Willingdon	England
Francis_Augustus_Wright	England
Victor_Cavendish,_9th_Duke_of_Devonshire	England
Suli_Breaks	England
Stephen_Hastings	England
Stephanie_Leonidas	England
Riz_Ahmed	England
Korn_Chatikavanij	England
Juno_Temple	England
Jerry_Desmonde	England
Jeremy_Sams	England
George_Mozart	England
Enid_Stamp_Taylor	England
England	Emma_Richler
England	Daniel_Richler
England	Bruce_Lansbury
England	Andrew_Cruickshank
Tahita_Bulmer	England
Salma_Agha	England
Remo_Lauricella	England
Princess_Mary,_Duchess_of_Gloucester_and_Edinburgh	England
James_Richardson-Brown	England
Jake_Weber	England
Inigo_Jones_(British_Army_officer)	England
Geoff_Travis	England
England	Anthony_Newley
England	Albert_Lieven
England	Adrienne_Posta
William_Busch	England
Robert_Paynter	England
Renie_Riano	England
Mark_Eden	England
Kamil_Çörekçi	England
James_Carew	England
Hannah_Waterman	England
Giovanni_Battista_Viotti	England
England	Arthur_Myers
Kudus_Oyenuga	England
Katherine_Parkinson	England
John_Nolan_(British_actor)	England
England	Camilla,_Duchess_of_Cornwall
Stephen_Wight	England
Stanley_William_Hayter	England
Newton_Moore	England
Glenn_Keeley	England
Finn_Andrews	England
England	David_Suchet
Saeed_Jaffrey	England
Rosalind_Knight	England
Max_Irons	England
Ken_Charlery	England
Julia_Davis	England
Frederick_W._A._G._Haultain	England
England	Daniel_Birt
England	Colin_Bucksey
William_Curphey	England
Victoria_Tennant	England
Valentine_Dyall	England
Toby_Stephens	England
Sarah_Hadland	England
Sally_Gray	England
Reggie_Yates	England
Ray_Cooney	England
Princess_Augusta_of_Saxe-Gotha	England
Paterson_Joseph	England
Nora_Cecil	England
Minnie_Driver	England
Michael_Medwin	England
Ken_Tucker_(footballer)	England
Katherine_Strueby	England
Julia_Sawalha	England
John_Pond	England
John_Neville_(actor)	England
Jerrome_Sobers	England
Jason_Rowe	England
Jane_Clarke_(scientist)	England
Jack_E._Cox	England
Ian_Hazel	England
Henry_Sturgis_Morgan	England
Harold_Warrender	England
George_Cranfield_Berkeley	England
Frank_Thornton	England
Fara_Williams	England
Evelyn_Denington,_Baroness_Denington	England
England	Edward_Dickinson_Baker
England	David_Li
England	Cy_Grant
England	Charles_Shaw-Lefevre,_1st_Viscount_Eversley
England	Beatrix_Lehmann
England	Alf_Freeman_(footballer,_born_1920)
England	Alexander_Cambridge,_1st_Earl_of_Athlone
England	Akram_Khan_(dancer)
Warne_Livesey	England
Stephen_Moore_(actor)	England
Mario_Zampi	England
Lenny_Glover	England
Jim_Davies_(musician)	England
Hans_May	England
Graham_Cutts	England
Isaac_Barrow	England
Giles_Rolls_Loder	England
Kwame_Adjeman-Pamboe	England
James_Drake	England
Honey_Bane	England
George_Sewell	England
England	Emma_Hayes
William_Vane,_1st_Duke_of_Cleveland	England
Thomas_Street	England
Sylvia_Syms	England
Susan_Wooldridge	England
Stefan_Schwartz	England
Shingai_Shoniwa	England
Seán_Barrett_(actor)	England
Roy_Young_(musician)	England
Roland_Culver	England
Princess_Marina_of_Greece_and_Denmark	England
Peter_Yates	England
Peter_Egan	England
Peter_Bazalgette	England
Nicholas_Courtney	England
Michael_Williams_(actor)	England
Michael_Byrne_(actor)	England
Meary_James_Thurairajah_Tambimuttu	England
Martin_Brasier	England
Kwame_Anthony_Appiah	England
Kevin_Bond_(footballer)	England
Karl_Popper	England
Justin_Adams	England
John_Robson_(politician)	England
John_Davis_(British_businessman)	England
John_Burton_(footballer,_born_1885)	England
Jill_Bennett_(British_actress)	England
Jesse_Birdsall	England
Gregory_Isaacs	England
Greg_Hunter	England
George_Osborne,_6th_Duke_of_Leeds	England
George_Albert_Smith_(film_pioneer)	England
Gary_Daniels	England
Francis_Lister	England
Francis_L._Sullivan	England
Francis_Ingram-Seymour-Conway,_2nd_Marquess_of_Hertford	England
Evelyn_Achille_de_Rothschild	England
England	Edward_Thomas_Hall
England	Edgar_Mann
England	Ed_Stoppard
England	Eamonn_Andrews
England	Christian_Renatus_von_Zinzendorf
England	Cedric_Edwards
England	Catriona_MacColl
England	Bob_Blackman_(politician)
England	Bert_Thomas
England	Bernhard_Wise
England	Avice_Landone
England	Athina_Livanos
England	Anthony_Sharp
England	Anthony_Calf
England	Alex_Clare
Ty_(rapper)	England
Peter_James_Thomas	England
Tim_Loughton	England
University_of_Virginia_School_of_Law	Illinois
William_Goyen	David_Loughery
Joe_Walsh_(Illinois_politician)	David_Loughery
Jock_Mahoney	David_Loughery
The_Work_(band)	England
Strange_Hill_High	England
Jessica_Alba	California
Royal_College_of_Art	Cromer
Jonathan_Hale	Babe_Dye
Indianapolis	Indiana
Tennessee	California
Tony_McHale	England
Steve_Huison	England
England	Dean_Andrews
England	Brian_Glover
England	Bernard_Hepton
England	Alan_Dobie
England	Adam_Sedgwick
Tony_Obi	England
Tony_Hey	England
Rick_Price_(bassist)	England
Pamela_May	England
Louis_Brain	England
Gary_Stevens_(footballer,_born_1954)	England
Fay_Holden	England
Stan_Seymour,_Jr.	England
Richard_Brush	England
John_Madin	England
John_Cadbury	England
England	Emma_Willis
England	Albert_Austin
Roy_Shiner	Reginald_Marsh_(actor)
Reginald_Marsh_(actor)	Charles_Du_Cane
England	Charles_Royds_(politician)
Kerry_Katona	England
England	David_Lloyd_Meredith
University_of_Cambridge	Thessaloniki
Robby_Krieger	Ray_Manzarek
England	Brenda_Wootton
The_Internet_(band)	Odd_Future
Syd_tha_Kyd	Mike_G
Pamela_Eells_O'Connell	Debby_Ryan
John_Ducey	Debby_Ryan
Dylan_and_Cole_Sprouse	Debby_Ryan
Pamela_Eells_O'Connell	John_Ducey
Pamela_Eells_O'Connell	Dylan_and_Cole_Sprouse
Matthew_Glave	Debby_Ryan
John_Ducey	Dylan_and_Cole_Sprouse
Pamela_Eells_O'Connell	Matthew_Glave
Matthew_Glave	John_Ducey
Matthew_Glave	Dylan_and_Cole_Sprouse
Ryan_Robbins	England
University_of_Oxford	England
Steve_Goulding	Al_Doughty
South_Pasadena,_California	California
Orchestral_Manoeuvres_in_the_Dark	England
Gina_Holden	Eric_Johnson_(actor)
Stuart_Torevell	England
Sharif_University_of_Technology	Scientist
Kathleen_Ollerenshaw	England
Jack_Doughty	England
William_Lorimer_(politician)	England
Ron_Staniforth	England
Mike_Mulvey	England
George_Heywood	England
Geoffrey_Thompson_(businessman)	England
Gary_Twynham	England
England	Elsie_Carlisle
England	Craig_Cash
England	Andy_Ritchie_(English_footballer)
Lesley_Sharp	England
Karl_Marginson	England
England	Derek_Wax
England	DJ_Semtex
Malcolm_McKenna	California
Reginald_John_Marsden_Parker	England
Grégoire_Aslan	England
Odd_Future_Records	California
The_Lilac_Time	England
Patricia_A._McKillip	California
Dian_Fossey	California
Sam_Riley	England
Otto_P._Weyland	List_of_Playboy_Playmates_of_1968
List_of_Playboy_Playmates_of_1968	Kevin_Swayne
Mike_G	California
Suwanni_Sukhontha	Al_Murray
South_Yorkshire	England
University_of_Leeds	England
Lee_Marshall_(footballer,_born_1979)	England
Kenneth_Williams	England
Johnny_Woodward	England
Sam_Cooke	Eddie_Cibrian
The_Smashing_Pumpkins	Kesha
Lynch_Mob_(band)	BulletBoys
Fantasy_Records	El_Cerrito,_California
Martin_Gilks	Adam_Perry_(drummer)
Newcastle_University	Fourah_Bay_College
England	Arthur_William_Hammond
Jonathan_Winters	Horace_R._Byers
Kenneth_Hahn	California
Ivory_(wrestler)	California
England	Dover
Pakistan	Indo-Pakistani_War_of_1971
Marie_Corelli	Colin_Blakemore
Yuu_Watase	Yasutaka_Tsutsui
Guildford	England
Glasses_Malone	40_Glocc
Peter_Tapsell_(British_politician)	England
Nigel_Glockler	England
H._F._Maltby	England
Western_Front_(World_War_I)	England
England	Ecclesall
University_of_Glasgow	England
Nigel_Shadbolt	England
Università_Cattolica_del_Sacro_Cuore	University_of_Cambridge
England	David_Kossoff
Debrah_Farentino	Antonio_Sabàto,_Jr.
Rick_&_the_Ravens	Illinois
England	Colin_Blakemore
England	Donald_Bailey_(civil_engineer)
England	Charles_Arden-Clarke
England	Cedric_Smith_(actor)
University_of_Manchester	England
University_of_Cambridge	Midlothian
Sheffield	England
University_of_California,_Los_Angeles	California
University_of_Hong_Kong	Nadia_Ali_(broadcaster)
University_of_Oregon	Ohio_State_University
Rick_Huxley	Paul_Sturgess
Yannis_Philippakis	Maria_Petrou
Willis_Hall	England
Royston_Langdon	England
Ralph_Ineson	England
Mel_B	England
England	Dean_Walling
England	David_Doherty
Sam_Higginbottom	Elias_Porter
Glenda_Jackson	England
Skinny_(band)	London
London	Cheeky_Records
Gerald_Flood	England
Jefferson_Airplane	California
Sullivan_Walker	Debrah_Farentino
Faisal_Islam	England
William_J._Porter	Kim_Kap-soo
Park_Hae-jin	Kim_Kap-soo
Kim_Soo-hyun	Kim_Kap-soo
Kim_Kap-soo	Daniel_Dae_Kim
Kim_Kap-soo	Bae_Doona
Rebecca_Front	England
England	David_Galloway_(footballer)
Rahn_Coleman	California
Fatgums	California
William_J._Hirsch	California
Walter_Tevis	California
Peter_B._Kyne	California
O._J._Simpson	California
Leland_Orser	California
Kathleen_Brown	California
Eric_McFadden	California
David_Strathairn	California
Charles_Henderson_(Nevada_politician)	California
Ivan_L._Slavich,_Jr.	California
Erinn_Hayes	California
California	Benjamin_Bratt
Stephen_Breyer	California
Charles_Reed_Bishop	California
Margaret_Cho	California
Kate_Marshall	California
John_Garrick	California
George_Contant	California
Frank_Loverde	California
Charles_Lamont	California
Phil_May_(singer)	Paul_Sturgess
Larry_Elder	Indiana
Patrick_Steptoe	England
London_School_of_Economics	England
William_Scranton	Jonathan_Winters
Lisa_Ann_Beley	Ben_Cotton
Marie_Corelli	Arthur_Hodgson
Peter_A._Carruthers	David_G._Rand
Peter_A._Carruthers	Frank_Drake
Win_Stracke	Lil_Green
Washboard_Sam	Lil_Green
Peter_Gawthorne	England
England	Critic
Robert_John_Tillyard	Richard_Peto
New_York_University_Tandon_School_of_Engineering	California
Mill_Hill_School	California
Illinois	Comic_book
Robert_Westall	Pete_Postlethwaite
Robert_Westall	Gary_Bannister
University_of_Cambridge	Rehovot
Ohio_Wesleyan_University	Indiana
Michael_Higgs	England
California	Akron,_Ohio
England	Edward_Daniel_Clarke
Kathryn_Stephenson	California
Harry_Carey,_Jr.	California
Jesse_M._Donaldson	Charles_Luckman
Pete_Burns	John_Kelly_(footballer,_born_1960)
Kenneth_Harper	England
William_Shatner	Leonard_Nimoy
The_Last_King_of_Scotland_(film)	England
Robert_John_Tillyard	Edmund_Henry_Lushington
Larry_McCormick_(TV)	Charles_Luckman
The_Avengers_(TV_series)	England
Reg_Saphin	Mantovani
Mantovani	Henry_Hardinge,_1st_Viscount_Hardinge
Jason_Minett	Edmund_Hockridge
Jack_Hampson	Carl_Griffiths
Jason_Minett	Fred_Taylor_(footballer,_born_1884)
Jack_Hampson	Edward_Weston_(chemist)
James_MacLaine	England
John_Maxwell_(producer)	England
Wes_Anderson	Jason_Schwartzman
Master_of_Philosophy	Diplomat
Janina_Ramirez	England
University_of_Cambridge	Egypt
Newport_Beach,_California	California
John_Montagu_Douglas_Scott,_7th_Duke_of_Buccleuch	England
John_Malcolm	England
Ian_Charleson	England
England	Chase_&_Status
Ooberman	England
England	Barry_Sheerman
TekWar_(TV_series)	McGill_University
M._Paul_Smith	England
Sadik_Ahmed	Jamal_Nazrul_Islam
The_Doors	Manzarek–Krieger
England	East_Staffordshire
The_Telescopes	England
The_Leisure_Society	England
Peter_Medawar	Dorothy_Annan
Kingdom_of_Great_Britain	England
England	C._Arnold_Beevers
England	Bill_McKay
Robert_Alexander_Rankin	England
California	Bill_Janklow
Zachg	Themselves
Zachg	Arlington_Heights,_Illinois
Themselves	Arlington_Heights,_Illinois
Zachg	Main_Attrakionz
Themselves	Main_Attrakionz
Main_Attrakionz	Arlington_Heights,_Illinois
Phil_Liggett	Pete_Burns
Lee_Morris_(musician)	England
Tommy_Robinson_(activist)	Gary_Cobb
Tommy_Robinson_(activist)	David_Greene_(footballer)
Gary_Cobb	David_Greene_(footballer)
Scott_Forbes	England
Ron_Crisp	England
Jenny_Hanley	England
Jack_Garratt	England
England	Clare_Nasir
England	Carolyn_Seymour
England	Angela_Douglas
California	Barcelona
Kurt_Vonnegut	David_G._Rand
Kurt_Vonnegut	Frank_Drake
Robb_Wilton	England
Robert_Bloch	Peter_Cushing
William_Marshall_(cinematographer)	Roger_Delgado
London	Daisy_Chainsaw
Greg_Wise	England
Robert_Rolfe,_1st_Baron_Cranworth	England
Peter_Keevash	England
England	Ben_Green_(mathematician)
England	Andrew_Huxley
Hollywood	California
South_Bend,_Indiana	London_Academy_of_Music_and_Dramatic_Art
Tim_Hunt	England
Heinz_A._Lowenstam	Edith_Bülbring
California	Arthur_Julian
Glasgow	England
England	Dan_Houser
Marc_Silk	England
Mick_Jenkins_(rapper)	Illinois
Fashawn	Emanon
University_of_Arkansas_at_Monticello	Texas
Texas_A&M_University–Kingsville	Texas
University_of_Houston_Law_Center	Texas
Lizzy_Borden_(actress)	Carey_Loftin
Yvonne_Arnaud	England
Cairo_University	Alexandria_University
London	Faithless
Translation	England
William_Thomas_Smith	England
Literary_editor	Indiana
Jodie_Taylor	England
Jimmy_Jones_(footballer,_born_1927)	England
Kenny_Swain	England
Science_fiction	Palatine,_Illinois
England	Ben_Howard
Joseph_Bamford	England
England	Daphne_Oxenford
Laura_Haddock	England
Sir_Lancelot_(singer)	California
Ernest_Nungaray	California
Pedro_de_Alberni	Martin_Garralaga
Vicky_McClure	England
Trevor_Morley	England
Thomas_Benedict	England
Susanna_Clarke	England
Garry_Dulson	England
Frazer_McHugh	England
Evangeline_Booth	England
England	Craig_Robert_Young
John_Brunner_(novelist)	England
William_Shatner	Stephen_Toope
John_Battle_(politician)	England
Horace_R._Byers	California
Thes_One	Aceyalone
Sylvia_Plath	Joan_Clarke
The_Mighty_Lemon_Drops	Reef_(band)
The_Mighty_Lemon_Drops	Lowgold
Reef_(band)	Lowgold
Skinny_(band)	Cheeky_Records
California_State_University,_Northridge	California
Hamza_Robertson	England
Tulip_Siddiq	England
University_of_Idaho	California
England	Andrew_Lauder_(music_executive)
Scientist	England
University_of_Wisconsin–Madison	Masterton
University_of_Cambridge	Niigata_Prefecture
John_Robertson_(New_South_Wales_Premier)	England
Gordon_Samuels	England
Patrick_Mercer	England
George_'Johnny'_Johnson	England
T._Roy_Barnes	England
Ronald_Garvey	England
John_Hewie	England
England	Arthur_Claydon
Cary_Elwes	Baltimore
England	Christopher_Tolkien
Victor_Garber	Princeton_University
World_War_I	England
Harris_Wittels	Danny_Dark
Prince_William,_Duke_of_Cumberland	England
The_Lilac_Time	Illustrator
Illinois	Gary_Burton
Songwriter	Nevada_City,_California
England	Cher_Lloyd
NoLay	England
Nova_Villa	Iza_Calzado
Lloyd_Alexander	Alan_MacDiarmid
Mozelle_Britton	Harris_Wittels
Tom_Holland_(author)	Brian_James_Freeman
Melanie_Scrofano	Lauren_Lee_Smith
University_College_London	England
England	Derek_Bond
Soulja_Boy	Illinois
John_Keats	England
George_V	England
Star_Trek:_The_Original_Series	McGill_University
Nick_McCarthy	England
U.K._(band)	England
London	Kings_Norton
Michael_Jack	England
Tyler,_The_Creator	Mike_G
Robert_Parrish	Joanna_Moore
Matthewdavid	Joanna_Moore
List_of_Playboy_Playmates_of_1955	Joanna_Moore
Jonathan_Clark_Rogers	Joanna_Moore
Joanna_Moore	Dakota_Fanning
Inland_Empire	California
Ted_Gaines	California
Doug_LaMalfa	California
England	Akala_(rapper)
University_of_Cambridge	Christ's_College,_Cambridge
University_of_Cambridge	Killara
Primeval	England
Zoë_Tyler	Sultan_Choudhury
Sultan_Choudhury	Pat_Wright_(footballer)
Sultan_Choudhury	Gillian_Barber
Richard_Laurence_Millington_Synge	England
Joan_Clarke	Alison_Richard
James_Branch_Cabell	England
Marie_Corelli	England
Jerry_Van_Dyke	Charlie_Summers
Francis_Douglas,_11th_Marquess_of_Queensberry	England
Nick_Barton	Kazuo_Ishiguro
Trevor_Devall	Lisa_Ann_Beley
The_Weight_of_Chains_2	Harvard_University
South_Central_Cartel	Otis_&_Shug
The_Roaring_West	Illinois
Michael_Coleman_(blues_musician)	Albert_Ammons
Take_That	Disc_jockey
Roland_Carl_Backhouse	England
Paul_Todd_(footballer)	England
Moses_Carpenter	England
Mark_Proctor_(footballer)	England
England	Danny_Johnson_(footballer)
Nitro_Records	Fullerton,_California
Peter_G._Harrison	England
Matt_Tees	England
John_Hamilton_(American_Revolution)	England
James_Westland	England
James_Logan_(footballer,_born_1885)	England
George_Grant_Elmslie	England
England	Bill_Harper
William_Calder_(footballer)	England
Tommy_Bowman	England
Jock_Ewart	England
Ian_Duthie	England
Hay_Petrie	England
England	Chic_Brodie_(footballer)
Stuart_MacBride	England
Pulteney_Malcolm	England
J._Ellis_Rodley	England
England	Alexander_Ralston
England	Alex_Weir_(footballer)
England	DaVinChe
Rube_Brandow	California
Shah_Mehmood_Qureshi	Mian_Gul_Akbar_Zaib
Terre_Haute,_Indiana	Indiana
Shoebox_Zoo	London
Ninja_Assassin	London
Nova_(Italian_band)	London
London	Damage_(British_band)
London_Posse	London
Variety_show	London
Urchin_(band)	London
Mike_Cecere	England
Michael_Bird_(footballer)	England
England	Cliff_Sear
England	Andie_Rathbone
England	Alfred_James_Phasey
Yannis_Philippakis	Ugo_Foscolo
Mack_10	Jayo_Felony
Melanie_Scrofano	Gordon_Roberts_(ice_hockey)
Shaun_Carey	Model_(people)
University_of_Leicester	England
Naledge	London
England	Crispin_Gray
George_Jenkins_(soccer)	England
Robert_James_Clayton	England
Mark_Wing-Davey	England
London	Blazin'_Squad
King's_College,_Cambridge	Hertford
Bill_Janklow	Alfred_L._Werker
California	Andy_Luckey
Randy_California	John_E._Burch
Randy_California	Gwynne_Shipman
Randy_California	Donald_Pritzker
John_E._Burch	Gwynne_Shipman
John_E._Burch	Donald_Pritzker
Gwynne_Shipman	Donald_Pritzker
University_of_Cambridge	Fitzwilliam_College,_Cambridge
California	40_Glocc
Uttoxeter	London
The_Avengers_(TV_series)	Central_School_of_Speech_and_Drama
England	Barrister
UC_Berkeley_School_of_Law	California
University_of_East_Anglia	Nagasaki
Phill_Lewis	Pamela_Eells_O'Connell
Phill_Lewis	John_Ducey
Phill_Lewis	Dylan_and_Cole_Sprouse
Phill_Lewis	Debby_Ryan
Phill_Lewis	Matthew_Glave
Ty_Dennis	Ray_Manzarek
Robert_A._Oden	California
University_of_Cambridge	Istanbul
Forman_Christian_College	Aitchison_College
Totnes	London
England	Alfred_John_Stephenson
University_of_Cambridge	Portland_Place
Kamasi_Washington	California
Norman_Alden	Casey_Kasem
William_Henry_Giles_Kingston	England
Michigan	California
Jonathan_Winters	California
Marina_Sirtis	England
London	Harlow_College
University_of_Cambridge	North_London_Collegiate_School
University_of_Cambridge	Cranfield_University
Steve_Donoghue	Pete_Postlethwaite
Steve_Donoghue	Gary_Bannister
Ras_Kass	Jayo_Felony
MKTO	California
Vassar_College	California
Trevor_Devall	Ben_Cotton
Louis_W._Tordella	Illinois
LBC_Crew	California
England	Edgar_Leopold_Layard
Charles_Layard	Bernard_Aluwihare
Eileen_Atkins	Colin_Firth
Pamela_Ann_Rymer	California
Luther_Ingram	California
Colin_Ford	California
California	Alana_Grace
England	Davina_McCall
Roxee_B	Iza_Calzado
James_Dewar	England
England	Dhaka
Roy_Kinnear	Maria_del_Mar_(actress)
William_Stevenson_(athlete)	England
Thomas_Arnold	England
Somak_Raychaudhury	England
Simon_Donaldson	England
Harold_Baily_Dixon	England
England	Cordelia_Fine
Oswald_Snowball	England
Queens'_College,_Cambridge	England
George_Marks	England
Simon_Russell_Beale	Marina_Sirtis
Baywatch_Nights	Baltimore
Gene_Page	Arthur_Julian
Kirsopp_Lake	California
Science_fiction	Environmentalism
Paul_Nurse	England
Ray_Parker_(footballer)	England
Henry_Stewart_(footballer,_born_1925)	England
England	Arthur_Wharton
Left_Brain	California
Science_fiction	La_Crosse,_Wisconsin
Stephen_O'Leary	England
Shameless_(U.S._TV_series)	Michael_Jeter
Shameless_(U.S._TV_series)	Andy_Powers
Shameless_(U.S._TV_series)	Michael_Moriarty
Shameless_(U.S._TV_series)	Desmond_Harrington
Paul_Johansson	Darren_McGavin
Paul_Johansson	Andra_Day
Poet	Blog
James_D._McGinnis	England
Gary_Towse	England
Malcolm_Graham_(footballer)	England
Johnny_Longden	England
Jill_Halfpenny	England
Graham_Fenton	England
The_Mighty_Lemon_Drops	A_(band)
Reef_(band)	A_(band)
Lowgold	A_(band)
England	Basil_Blackett_(aviator)
The_Waco_Brothers	England
Nova_Villa	Dingdong_Dantes
Iain_Cuthbertson	England
John_Cairns_(footballer)	England
New_York_City	Cathedral_City,_California
James_Dyson	Eli_Marsden_Wilson
London	David_Hoflin
Wally_Reynolds	England
New_Jersey	California
Jonathan_Neale	England
Georgina_Reilly	England
Rudolf_Peierls	Edith_Bülbring
Princess_Elizabeth_of_the_United_Kingdom	England
Kat_Fletcher	England
Victor_Sen_Yung	California
California_State_University,_Fresno	California
University_of_Oxford	Newhall,_Santa_Clarita,_California
California	Bianca_Lawson
Gordon_Pask	England
William_Windom_(actor)	Michael_Reilly_Burke
William_Windom_(actor)	Melissa_Rosenberg
William_Windom_(actor)	Fred_Korematsu
North_Hollywood,_Los_Angeles	California
Ronald_Kelly	Murray_Leinster
England	Dickon_Edwards
William_Kirby_(footballer,_born_1882)	England
George_Romanes	England
Rupert_Friend	England
Peter_M._Neumann	England
Zhejiang_University	Illinois
Pakistan	Khyber_Pakhtunkhwa
Peter_J._Ryan	England
Gerald_Boland	England
Eugene_Casserly	England
Università_Cattolica_del_Sacro_Cuore	Kingdom_of_Italy
Shifty_Shellshock	Disc_jockey
Sheila_Sherlock	England
University_of_Southern_California	California
Viva_Death	Santa_Barbara,_California
Shama_Rahman	Omid_Kokabee
Margaret_Atwood	Gordon_Roberts_(ice_hockey)
Scott_Bakula	Dean_Stockwell
Jammer_(MC)	England
Ty_Dolla_Sign	California
Children's_literature	BBC
England	Charles_Davidson_(aviator)
Mary_Leakey	Ketan_J._Patel
Laurence_Minot_(aviator)	England
Tung-Yen_Lin	John_Fogerty
Marq_Torien	Jimmy_D'Anda
Lisa_Harriton	Jeff_Schroeder
Shizzio	England
Jay_Ward	Bill_Scott_(voice_actor)
University_of_Cambridge	Taipei
University_of_Cambridge	Cuttack
Olivia_Colman	Merseyside
Harry_Driver	England
Shaun_Pendleton	England
Richard_Peacock_(footballer)	England
Oliver_Tummon	England
Stoney_(musician)	England
Steve_Thompson_(footballer,_born_1955)	England
Steve_Adams_(footballer,_born_1959)	England
Rory_Boulding	England
Rodger_Wylde	England
Paul_Taylor_(footballer,_born_1949)	England
Mel_Sterland	England
Matt_Towe	England
Joseph_Wostinholm	England
John_Pearson_(footballer,_born_1963)	England
Jeff_Eckhardt	England
Ian_Ironside	England
Gary_Simpson_(footballer,_born_1961)	England
England	Bruce_Chatwin
Solomon_Berewa	Nigel_Shadbolt
Vikramabahu_Karunaratne	Bernard_Aluwihare
William_J._Porter	Park_Hae-jin
William_J._Porter	Kim_Soo-hyun
William_J._Porter	Daniel_Dae_Kim
William_J._Porter	Bae_Doona
Park_Hae-jin	Kim_Soo-hyun
Park_Hae-jin	Daniel_Dae_Kim
Park_Hae-jin	Bae_Doona
Kim_Soo-hyun	Daniel_Dae_Kim
Kim_Soo-hyun	Bae_Doona
Daniel_Dae_Kim	Bae_Doona
William_Shakespeare	England
SOAS,_University_of_London	London_School_of_Economics
Liverpool	Everton,_Liverpool
The_Vibrators	London
Danny_Dark	Casey_Kasem
England	Emma_Kennedy
Ross_Thomas_(actor)	California
California	Bhante_Dharmawara
John_Givez	California
Henry_Kulky	California
David_Hassinger	California
Craig_Chaquico	California
Mike_McCormack_(American_football)	California
Jody_Reynolds	California
Rachel_Reeves	England
Eric_Ollerenshaw	England
Guildhall_School_of_Music_and_Drama	England
Henry_Ireton	England
Joanna_Scanlan	England
Earl_Anthony_Wayne	California
John_C._Raven	England
Connie_Sellecca	Brooklyn
John_Kelly_(footballer,_born_1960)	England
Emerson_Etem	California
Ellen_Hopkins	California
University_of_Iowa	Illinois
University_of_Cambridge	Radcliffe_College
Patrick_Macnee	England
Philosophy_of_law	British_Raj
Vancouver	Ottawa
Jon_DeGuilio	Clifford_M._Hardin
University_of_Illinois_at_Urbana–Champaign	Sapienza_University_of_Rome
Graham_Brady	Frank_Kelly_(mathematician)
Paul_Oakenfold	California
John_B._T._Campbell_III	California
Randall_Park	California
George_Brown,_Jr.	California
Wendy_Greuel	California
Mark_Robson	California
Christopher_Gorham	California
John_J._B._Wilson	California
Casey_Kasem	California
J._G._Ballard	Edward_Bunker
Sunna_(band)	Leeds
George_Dawson_(preacher)	England
Felt_(band)	Birmingham
J._L._Mackie	England
Frederick_Wimble	England
England	Alan_Coleman
Henry_Mort	England
England	Arthur_Dignam
California	Beverly_Hills,_California
Morris_Ankrum	Charlie_Summers
New_York_University_Tandon_School_of_Engineering	Mill_Hill_School
Faithless	England
Vincent_Cavanagh	England
Jerry_Butler	Illinois
Osmania_University	Islamabad_Capital_Territory
Osmania_University	Hyderabad_State
Donal_Donnelly	Dennis_Potter
Sean_Parnell	Richard_C._Miller
John_B	England
Tim_Ryan_(footballer)	England
Troian_Bellisario	Bianca_Lawson
Simon_Boulton	England
Yale_Law_School	Indiana
John_Pius_Boland	England
Presenter	England
Fiat_Lux_(band)	Be-Bop_Deluxe
Darren_McGavin	Andra_Day
Robert_Prichard	John_B._Parkin
John_Faulkner_(actor)	England
Prairie_Thunder	California
England	Dwarkanath_Tagore
Southwestern_College_(California)	Craig_Coxe
Redfoo	Forever_(group)
Earth,_Wind_&_Fire	Chuckii_Booker
Essex	Clacton-on-Sea
Mark_Brzezicki	Iain_Lee
Reginald_Hill	England
Susan_(Iranian_singer)	Leila_Kasra
Lesley_Clark	England
D._Harlan_Wilson	Brian_James_Freeman
Norman_Kerry	Frank_Moore_Cross
Umphrey's_McGee	Musician
Spain	Barcelona
Portland_State_University	California
England	Czechoslovakia
University_of_Virginia_School_of_Law	St._Petersburg,_Florida
Wentworth_M._Johnson	Jonathan_Hale
Wentworth_M._Johnson	Babe_Dye
Willie_Wragg	England
William_Rowland	England
Henry_Pierrepoint	England
Philip_Jackson_(actor)	England
Ed_Earl_Repp	Basil_Dickey
California	Buffalo,_New_York
Winston_Dugan,_1st_Baron_Dugan_of_Victoria	England
England	Edward_Bulfin
University_of_Manchester	Midlothian
Jay_Ward	California
Ten_(band)	England
England	Chris_Morris_(satirist)
England	Caroline_Matilda_of_Great_Britain
William_H._Ahmanson	James_Day_Hodgson
John_Darrow	James_Day_Hodgson
James_Day_Hodgson	Enid_Bennett
James_Day_Hodgson	Dominique_Swain
Peter_Aldous	Nigel_Smart_(cryptographer)
Karl_Theobald	Gwendoline_Christie
Pyra:_Ang_Babaeng_Apoy	Philippines
Liz_(musician)	Hailee_Steinfeld
Barkin'_Bill_Smith	Albert_Ammons
Percy_Whipp	England
England	Arthur_Adey
Hoagy_Carmichael	California
Jack_Trevor	England
England	Brian_Auger
Sverre_Petterssen	England
Richard_K._Morgan	England
Romain_Sardou	England
Massachusetts_Institute_of_Technology	California
The_Powers_of_Matthew_Star	Illinois
England	Devlin_(rapper)
England	Alan_Keith
Joshua_Jackson	Anna_Torv
Great_Britain	England
The_Last_of_Sheila	New_York_City
New_York_City	Jack_Benny
England	Chipping_Barnet
The_Brian_Jonestown_Massacre	San_Francisco
San_Francisco	Animosity_(band)
William_Conrad	Emily_Gimmel
Sheffield_Hallam_University	Sheffield
John_Wooley	John_Tobias
Jami_Miscik	Emma_Georgina_Rothschild
Tom_Sansonetti	Emma_Georgina_Rothschild
Kevin_Hughes_(politician)	England
Jason_McCartney_(politician)	England
Robert_Emhardt	Charles_Beaumont
Ryan_Robbins	John_Hugill
Shifty_Shellshock	Brittany_Murphy
Ted_Price_(footballer)	Ronald_Chetwynd-Hayes
Morris:_A_Life_with_Bells_On	England
India	Chennai
Sam_Miller	England
Trinity_College,_Dublin	England
Doris_Thompson	Daniel_Bennett_(footballer)
England	Dave_Wakeling
England	Blaze_Bayley
Wolf_in_the_Fold	California
The_Sorcerer's_Apprentice_(Alfred_Hitchcock_Presents)	California
The_Skull	California
The_Return_of_Captain_Nemo	California
The_Night_Walker_(film)	California
Tinchy_Stryder	Maxsta
Sam_Cooke	David_Hasselhoff
Merseyside	Huyton
Scotland	Fitzwilliam_College,_Cambridge
Walter_Mantell	Stephen_Kay
Scotland	Chemist
The_Story_of_Three_Loves	Scotland
State_of_Bengal	Bashir_Syed
Rank_Organisation	Brooklyn
University_of_Cambridge	Jhenaidah_District
Natalie_Martinez	Alexander_Liberman
Cristobal_Aguilar	California
Malice_(British_band)	Easy_Cure
Mark_Rae	England
Neil_deGrasse_Tyson	Matt_Sherman_(lawyer)
Victor_Veysey	Robert_M._Leeds
Pakistan	England
University_of_Cambridge	Kasur
University_of_Cambridge	Government_College_University_(Lahore)
England	Brenda_De_Banzie
Reşit_Süreyya_Gürsey	Julius_Caesar_(judge)
Riley_Thomson	John_Goodmanson
Ohio_State_University	Manchester
Swell_Maps	Jacobites_(band)
Temple_University	Newhall,_Santa_Clarita,_California
The_Idle_Race	England
Unbelievable_Truth	Matt_Nasir
Totnes	England
Phill_Lewis	Johnnie_Carson
Sacramento,_California	California
Rick_&_the_Ravens	Manzarek–Krieger
Stanley_M._Hough	Science_fiction
Uttoxeter	England
Sheila_E.	Klymaxx
Jim_Backus	Cornell_University
William_Collins_Engledue	Henry_Ayers
Tom_Baxter_(footballer,_born_1903)	Jack_Chadburn
Robbie_McIntosh	Chris_Whitten
Innes_Lloyd	Clive_Swift
Stephen_Jackson_(scientist)	England
England	Alan_Lindsay_Mackay
Sean_Elsbernd	California
Richard_Crashaw	John_Keats
Jason_Molina	England
University_of_Texas_at_Austin	Taiwan
England	Charterhouse_School
University_of_Melbourne	England
Matt_Sherman_(lawyer)	David_Kimche
Cheyenne_(1955_TV_series)	California
Pyra:_Ang_Babaeng_Apoy	Dingdong_Dantes
University_of_Cambridge	Kolhapur
Rank_Organisation	Composer
Oliver_Penrose	England
Hermann_Arthur_Jahn	England
Metropolitan_Borough_of_Oldham	England
James_Bush_(RFC_officer)	England
University_of_Virginia_School_of_Law	Harvard_Law_School
Maxsta	England
Germany	England
Kelly_Sheridan	Gordon_Roberts_(ice_hockey)
Subtitle_(rapper)	Brainfeeder
Christ's_College,_Cambridge	Birkenhead
England	Alan_Bleasdale
William_Henry_Giles_Kingston	Mary_Treadgold
England	Don_Weller_(musician)
JS_Clayden	England
Ted_Gaines	Colorado_State_University
Inland_Empire	Digi+Phonics
University_of_Paris	University_of_Cambridge
University_of_Texas_at_Austin	Austin,_Texas
William_James_(Royal_Navy_officer,_born_1881)	England
Roger_Backhouse	England
Leo_D._Hermle	England
John_Bevan_(British_Army_officer)	England
Herbert_Hamilton	England
George_Pearkes	England
England	Edward_Addison
England	Bill_Anderton
England	Bernard_Rawlings_(Royal_Navy_officer)
William_M._Miley	England
Samson_Abramsky	Nick_Jennings_(computer_scientist)
Samson_Abramsky	Keith_Clark
Nick_Jennings_(computer_scientist)	Keith_Clark
